{
  "n_flights": 360,
  "epochs": 120,
  "window": 20,
  "flight_kinds": {
    "nominal": 110,
    "spoof": 137,
    "jam": 113
  },
  "n_windows": 18360,
  "features": [
    "cn0_mean",
    "cn0_std",
    "agc",
    "ins_residual",
    "dop",
    "clock_jump",
    "num_sats"
  ],
  "classes": [
    "정상",
    "스푸핑",
    "재밍"
  ],
  "spoof_profiles": [
    "trained"
  ],
  "test_accuracy": 0.9774872912127814,
  "auc_attack": 0.9920212999560826,
  "tpr@0.5": 0.9483695652165323,
  "fpr@0.5": 0.0030303030303011937,
  "median_latency_spoof_s": 4.0,
  "median_latency_jam_s": 0.0,
  "per_class_f1": {
    "정상": 0.9815035799522673,
    "스푸핑": 0.9492753623188406,
    "재밍": 0.9942965779467681
  },
  "sla_cost_aggressive@0.5": 0.38198983297022515,
  "sla_cost_gated@0.5": 0.381118373275236,
  "hyperparams": {
    "channels": 32,
    "epochs": 25,
    "lr": 0.001,
    "batch": 64
  },
  "seed": 42
}